GEM Pre Season Test,8,10,5,,IMSA,,C1,C2,C3,C4,C5,
Rolex 24 at Daytona,24,10,6,,WEC,,C1,C2,C3,C4,C5,C6
12 Hours of Sebring,12,20,6,,WEC,,C1,C2,C3,C4,C5,
10 Hours of Bahrain,10,30,5,,WEC,,C1,C2,C3,C4,C5,
6 Hours of Spa,6,30,5,,WEC,,C1,C2,C3,C4,C5,
24 Heures du Mans,24,10,6,,WEC,,C1,C2,C3,C4,C5,C6
8 Hours of Hockenheim,8,30,6,,WEC,,C1,C2,C3,C4,C5,
10 Hours of Portimao,10,20,5,,WEC,,C1,C2,C3,C4,C5,
8 Hours of Monza,8,30,5,,WEC,,C1,C2,C3,C4,C5,
10 Hours of Tuscany,10,20,5,,WEC,,C1,C2,C3,C4,C5,
24 Hours of Silverstone,24,10,5,,WEC,,C1,C2,C3,C4,C5,C6
12 Hours of Istanbul Park,12,20,5,,WEC,,C1,C2,C3,C4,C5,
8 Hours of Suzuka,8,30,6,,WEC,,C1,C2,C3,C4,C5,
8 Hours of Surfers Paradise,8,30,6,,WEC,,C1,C2,C3,C4,C5,
12 Hours of Indianapolis,12,20,7,,WEC,,C1,C2,C3,C4,C5,
24 Hours of The Nurburgring,24,10,7,,WEC,,C1,C2,C3,C4,C5,C6
